City_ID,City,Country,Date,Lat,Lng,Max Temp,Humidity,Cloudiness,Wind Speed
0,Albany,US,2021-02-07 16:56:41,42.6001,-73.9662,27.0,75,100,5.32
1,Mataura,NZ,2021-02-07 16:55:29,-46.1927,168.8643,51.69,87,99,1.79
2,Ribeira Grande,PT,2021-02-07 16:49:32,38.5167,-28.7,62.6,72,20,20.71
3,Isangel,VU,2021-02-07 16:59:48,-19.55,169.2667,77.36,80,23,3.78
4,Busselton,AU,2021-02-07 16:52:57,-33.65,115.3333,63.0,98,99,11.95
5,Gimli,CA,2021-02-07 16:58:31,50.6336,-96.9907,-23.8,57,1,11.5
6,Hobart,AU,2021-02-07 16:52:49,-42.8794,147.3294,55.4,62,90,9.22
7,Broome,US,2021-02-07 16:59:53,42.2506,-75.833,33.01,86,90,4.61
8,Krivyanskaya,RU,2021-02-07 16:59:54,47.3963,40.1662,19.4,63,0,6.71
9,Rikitea,PF,2021-02-07 16:52:54,-23.1203,-134.9692,77.27,72,95,11.77
10,Bathsheba,BB,2021-02-07 16:57:13,13.2167,-59.5167,84.2,58,40,23.02
11,Kodiak,US,2021-02-07 16:57:26,57.79,-152.4072,26.6,63,1,4.61
12,Shingu,JP,2021-02-07 17:00:01,33.7333,135.9833,41.58,80,0,5.82
13,Vinh Yen,VN,2021-02-07 17:00:05,21.31,105.5967,71.6,73,41,3.44
14,Punta Arenas,CL,2021-02-07 16:50:41,-53.15,-70.9167,62.6,34,0,12.66
15,Werder,DE,2021-02-07 17:00:09,52.3787,12.934,23.0,61,100,14.0
16,Palmares Do Sul,BR,2021-02-07 17:00:13,-30.2578,-50.5097,80.24,57,44,7.38
17,Georgiyevka,KZ,2021-02-07 17:00:17,43.0369,74.7114,37.4,93,100,8.95
18,Swan Hill,AU,2021-02-07 17:00:19,-35.3378,143.5544,58.41,62,90,11.65
19,Moussoro,TD,2021-02-07 16:58:14,13.6408,16.4901,80.51,14,3,10.16
20,Jamestown,US,2021-02-07 16:50:04,42.097,-79.2353,21.0,73,90,12.66
21,Qaanaaq,GL,2021-02-07 16:53:07,77.484,-69.3632,11.08,87,99,4.68
22,Port Lincoln,AU,2021-02-07 16:54:28,-34.7333,135.8667,59.14,81,11,15.95
23,Kibala,TD,2021-02-07 17:00:26,9.1104,18.3463,95.0,9,0,9.22
24,Palmer,US,2021-02-07 16:57:14,42.1584,-72.3287,30.0,86,90,4.61
25,Srednekolymsk,RU,2021-02-07 17:00:28,67.45,153.6833,-7.87,87,100,6.49
26,Toppenish,US,2021-02-07 17:00:29,46.3774,-120.3087,39.2,70,1,3.18
27,Egvekinot,RU,2021-02-07 16:58:10,66.3167,-179.1667,-9.11,79,0,14.05
28,Barrow,US,2021-02-07 16:49:31,71.2906,-156.7887,-20.2,69,75,10.36
29,Bethel,US,2021-02-07 16:56:03,41.3712,-73.414,28.0,93,90,4.61
30,Presidencia Roque Saenz Pena,AR,2021-02-07 17:00:36,-26.7852,-60.4388,88.0,38,0,1.99
31,Bandarbeyla,SO,2021-02-07 17:00:38,9.4942,50.8122,76.59,77,0,16.75
32,Chokurdakh,RU,2021-02-07 16:53:49,70.6333,147.9167,-24.79,85,64,6.29
33,Mar Del Plata,AR,2021-02-07 16:53:00,-38.0023,-57.5575,61.0,94,90,13.8
34,Bluff,NZ,2021-02-07 16:53:50,-46.6,168.3333,54.07,87,100,5.55
35,Paracale,PH,2021-02-07 17:00:42,14.2804,122.7881,77.09,88,75,12.33
36,Puerto Ayora,EC,2021-02-07 16:53:21,-0.7393,-90.3518,84.2,70,0,18.41
37,Hinton,CA,2021-02-07 17:00:41,53.4001,-117.5857,-32.8,75,0,1.14
38,Disna,BY,2021-02-07 16:57:26,55.568,28.1971,2.64,92,0,5.95
39,Katsuura,JP,2021-02-07 16:57:52,35.1333,140.3,46.4,49,0,18.41
40,Cape Town,ZA,2021-02-07 16:53:19,-33.9258,18.4232,72.0,53,0,25.32
41,Avarua,CK,2021-02-07 16:54:55,-21.2078,-159.775,78.8,89,1,3.44
42,Shubarshi,KZ,2021-02-07 17:00:50,48.5872,57.1869,14.16,94,72,11.18
43,Discovery Bay,US,2021-02-07 17:00:51,37.9085,-121.6002,48.2,81,1,4.61
44,Mehamn,NO,2021-02-07 16:57:19,71.0357,27.8492,23.0,86,90,31.07
45,Ushuaia,AR,2021-02-07 16:52:43,-54.8,-68.3,59.0,55,0,13.8
46,Yerbogachen,RU,2021-02-07 16:57:30,61.2767,108.0108,16.97,97,100,6.04
47,Hilo,US,2021-02-07 16:52:55,19.7297,-155.09,64.4,59,20,8.05
48,Vilyuysk,RU,2021-02-07 17:00:57,63.7553,121.6247,-23.58,85,78,10.42
49,Leningradskiy,RU,2021-02-07 16:56:44,69.3833,178.4167,-13.74,78,6,5.37
50,Kande,TG,2021-02-07 17:01:01,9.9578,1.0447,95.0,10,60,5.75
51,Tiksi,RU,2021-02-07 16:53:53,71.6872,128.8694,-28.7,83,75,3.69
52,Port Blair,IN,2021-02-07 17:01:04,11.6667,92.75,78.98,78,0,8.81
53,Samarai,PG,2021-02-07 17:01:05,-10.6167,150.6667,82.11,78,47,5.61
54,Dunedin,NZ,2021-02-07 17:01:06,-45.8742,170.5036,57.99,92,47,1.99
55,Krasnoborsk,RU,2021-02-07 17:01:07,61.5598,45.934,-17.45,86,100,8.14
56,Burnie,AU,2021-02-07 17:01:08,-41.0667,145.9167,57.0,68,79,5.66
57,Abu Zabad,SD,2021-02-07 16:59:43,12.35,29.25,70.93,22,0,11.32
58,Lucapa,AO,2021-02-07 17:01:11,-8.4192,20.7447,70.43,91,100,3.56
59,Port Alfred,ZA,2021-02-07 16:54:29,-33.5906,26.891,66.99,94,65,15.99
60,Providencia,MX,2021-02-07 17:01:13,28.7167,-111.5833,63.0,52,0,1.01
61,Kruisfontein,ZA,2021-02-07 16:49:43,-34.0033,24.7314,66.99,89,100,7.0
62,Mwinilunga,ZM,2021-02-07 17:01:15,-11.7358,24.4293,67.62,93,50,5.32
63,Yellowknife,CA,2021-02-07 16:54:02,62.456,-114.3525,-45.99,65,1,4.61
64,Lata,PT,2021-02-07 16:56:49,40.1629,-8.3327,54.0,92,100,1.99
65,Kharp,RU,2021-02-07 17:01:18,66.8014,65.8081,-3.55,89,100,15.28
66,Tres Lagoas,BR,2021-02-07 17:01:19,-20.7511,-51.6783,84.27,53,19,3.2
67,Mount Gambier,AU,2021-02-07 17:01:02,-37.8333,140.7667,55.4,71,90,6.91
68,Gizo,SB,2021-02-07 17:01:21,-8.103,156.8419,82.51,76,55,7.96
69,Kapaa,US,2021-02-07 16:53:39,22.0752,-159.319,60.8,72,1,11.5
70,Bindura,ZW,2021-02-07 17:01:25,-17.3019,31.3306,73.99,62,73,3.0
71,Cabedelo,BR,2021-02-07 16:49:40,-6.9811,-34.8339,89.6,58,75,12.66
72,Touros,BR,2021-02-07 16:56:41,-5.1989,-35.4608,87.8,58,40,16.11
73,Lavrentiya,RU,2021-02-07 16:53:10,65.5833,-171.0,-10.77,83,0,6.53
74,Vaasa,FI,2021-02-07 17:01:29,63.096,21.6158,25.0,86,75,8.05
75,Semirom,IR,2021-02-07 17:01:30,31.4167,51.5667,30.88,98,96,4.41
76,Bela Vista De Goias,BR,2021-02-07 17:01:31,-16.9728,-48.9533,78.8,73,40,4.61
77,Cap Malheureux,MU,2021-02-07 17:01:33,-19.9842,57.6142,81.0,77,73,5.99
78,Flinders,AU,2021-02-07 16:54:21,-34.5833,150.8552,66.0,80,79,1.99
79,Batyrevo,RU,2021-02-07 17:01:35,55.0675,47.6111,-4.99,88,100,12.59
80,Kyabe,TD,2021-02-07 17:01:36,9.4515,18.9449,82.47,12,61,4.83
81,Iqaluit,CA,2021-02-07 16:56:55,63.7506,-68.5145,24.8,68,75,21.85
82,Castro,BR,2021-02-07 16:53:06,-24.7911,-50.0119,75.22,42,0,3.31
83,Faanui,PF,2021-02-07 16:49:57,-16.4833,-151.75,80.91,76,2,12.75
84,Newport,GB,2021-02-07 16:56:49,51.5877,-2.9984,37.0,71,84,1.01
85,Atambua,ID,2021-02-07 17:01:42,-9.1061,124.8925,74.91,89,99,3.4
86,Tura,IN,2021-02-07 16:58:11,25.5198,90.2201,59.2,42,16,2.28
87,Port-Gentil,GA,2021-02-07 17:01:08,-0.7193,8.7815,80.6,78,40,4.61
88,Imbituba,BR,2021-02-07 17:01:20,-28.24,-48.6703,84.2,39,0,13.8
89,Saskylakh,RU,2021-02-07 16:56:09,71.9167,114.0833,-38.13,78,27,11.86
90,Kaitangata,NZ,2021-02-07 16:49:53,-46.2817,169.8464,57.99,94,53,2.48
91,Nikolskoye,RU,2021-02-07 16:58:05,59.7035,30.7861,15.8,92,75,11.18
92,Camacha,PT,2021-02-07 16:57:39,33.0833,-16.3333,60.8,88,40,14.97
93,Torbay,CA,2021-02-07 16:53:30,47.6666,-52.7314,34.0,59,40,33.38
94,Balashov,RU,2021-02-07 17:01:51,51.5502,43.1667,-3.35,91,97,11.81
95,Grindavik,IS,2021-02-07 16:50:22,63.8424,-22.4338,35.6,60,20,16.11
96,Arraial Do Cabo,BR,2021-02-07 16:53:01,-22.9661,-42.0278,77.0,83,75,9.22
97,Dvinskoy,RU,2021-02-07 17:01:55,62.1535,45.1175,-17.36,86,100,7.38
98,Saldanha,ZA,2021-02-07 16:56:59,-33.0117,17.9442,73.4,46,0,23.02
99,Saint-Joseph,RE,2021-02-07 17:00:52,-21.3667,55.6167,80.6,78,20,1.14
100,Muddebihal,IN,2021-02-07 17:01:58,16.3333,76.1333,73.36,28,4,9.86
101,Namibe,AO,2021-02-07 16:59:22,-15.1961,12.1522,73.87,74,97,9.8
102,Plettenberg Bay,ZA,2021-02-07 16:53:34,-34.0527,23.3716,66.31,75,98,6.38
103,Skibbereen,IE,2021-02-07 17:02:01,51.55,-9.2667,37.4,87,75,21.85
104,Hofn,IS,2021-02-07 17:02:02,64.2539,-15.2082,36.59,83,100,17.83
105,Hermanus,ZA,2021-02-07 16:53:02,-34.4187,19.2345,69.01,69,46,4.0
106,Muisne,EC,2021-02-07 16:57:05,0.6,-80.0333,82.4,89,75,6.91
107,Carnarvon,AU,2021-02-07 17:00:07,-24.8667,113.6333,78.8,100,12,12.66
108,Upernavik,GL,2021-02-07 16:56:56,72.7868,-56.1549,18.46,80,18,3.47
109,Spasskoye,RU,2021-02-07 17:02:08,44.6108,132.7969,-3.91,92,100,4.29
110,Sao Filipe,CV,2021-02-07 17:02:09,14.8961,-24.4956,71.04,69,74,8.81
111,Broken Hill,AU,2021-02-07 17:01:33,-31.95,141.4333,66.2,42,0,11.5
112,Hami,CN,2021-02-07 16:54:10,42.8,93.45,30.43,81,43,2.95
113,Bredasdorp,ZA,2021-02-07 16:53:15,-34.5322,20.0403,69.8,52,71,10.36
114,Isiolo,KE,2021-02-07 17:02:13,0.3546,37.5822,73.47,63,100,4.29
115,Lorengau,PG,2021-02-07 17:01:11,-2.0226,147.2712,81.68,80,97,8.23
116,Ngunguru,NZ,2021-02-07 17:02:15,-35.6167,174.5,59.0,90,80,1.01
117,Tasiilaq,GL,2021-02-07 17:02:16,65.6145,-37.6368,21.2,58,0,3.44
118,Sao Gabriel Da Cachoeira,BR,2021-02-07 17:02:18,-0.1303,-67.0892,84.2,79,75,5.75
119,Thompson,CA,2021-02-07 16:56:24,55.7435,-97.8558,-36.4,67,75,13.8
120,Kolosovka,RU,2021-02-07 17:02:20,56.4678,73.611,5.54,92,100,19.42
121,Moose Factory,CA,2021-02-07 17:02:21,51.2585,-80.6094,-7.6,70,75,5.75
122,Varkkallai,IN,2021-02-07 17:02:22,8.7341,76.7067,84.2,70,20,2.3
123,Vavuniya,LK,2021-02-07 17:02:23,8.7514,80.4971,72.19,98,94,3.96
124,Grand Gaube,MU,2021-02-07 17:02:24,-20.0064,57.6608,81.0,77,79,5.99
125,Khatanga,RU,2021-02-07 16:55:18,71.9667,102.5,-31.85,79,0,9.06
126,Moron,AR,2021-02-07 17:02:01,-34.6534,-58.6198,91.99,33,0,3.0
127,Atuona,PF,2021-02-07 16:54:47,-9.8,-139.0333,79.32,75,44,21.56
128,Yeppoon,AU,2021-02-07 16:57:36,-23.1333,150.7333,80.6,78,90,4.74
129,Pitimbu,BR,2021-02-07 16:57:53,-7.4706,-34.8086,89.6,58,75,12.66
130,Kavieng,PG,2021-02-07 17:00:01,-2.5744,150.7967,82.53,78,39,9.46
131,Takoradi,GH,2021-02-07 17:02:34,4.8845,-1.7554,83.46,78,100,11.43
132,Goderich,CA,2021-02-07 17:01:31,43.7501,-81.7165,10.4,67,99,16.11
133,Kununurra,AU,2021-02-07 17:02:36,-15.7667,128.7333,78.8,100,100,3.44
134,Comodoro Rivadavia,AR,2021-02-07 17:02:37,-45.8667,-67.5,62.6,59,20,11.5
135,Codrington,AU,2021-02-07 17:02:38,-38.2667,141.9667,56.3,68,88,11.18
136,Beira,MZ,2021-02-07 17:02:40,-19.8436,34.8389,84.2,79,40,4.61
137,La Primavera,CO,2021-02-07 17:02:41,5.4906,-70.4092,93.22,40,100,11.5
138,Gao,ML,2021-02-07 17:02:42,16.6362,1.637,89.31,12,96,3.83
139,Longyearbyen,SJ,2021-02-07 17:01:12,78.2186,15.6401,17.6,67,75,19.57
140,San Patricio,US,2021-02-07 16:53:51,28.017,-97.5169,66.99,59,1,13.8
141,Hithadhoo,MV,2021-02-07 16:53:37,-0.6,73.0833,81.88,73,44,10.07
142,Chuy,UY,2021-02-07 16:50:06,-33.6971,-53.4616,76.84,59,1,7.76
143,Bubaque,GW,2021-02-07 17:02:49,11.2833,-15.8333,79.72,56,0,13.18
144,Donskoye,RU,2021-02-07 17:02:50,45.4552,41.9741,19.4,93,90,4.47
145,Sitka,US,2021-02-07 17:00:56,57.0531,-135.33,28.4,64,75,3.44
146,Bengkulu,ID,2021-02-07 16:55:43,-3.8004,102.2655,76.78,85,100,5.55
147,Carmen,MX,2021-02-07 16:59:23,18.6333,-91.8333,77.0,83,75,11.5
148,Khandyga,RU,2021-02-07 17:02:56,62.6667,135.6,-33.93,82,34,3.11
149,Sibolga,ID,2021-02-07 17:02:57,1.7427,98.7792,77.7,80,91,3.09
150,Roma,US,2021-02-07 17:00:01,43.2128,-75.4557,28.99,54,90,5.06
151,Znamenskoye,RU,2021-02-07 17:02:59,57.1281,73.8282,6.96,92,100,16.17
152,Tignere,CM,2021-02-07 17:03:00,7.3667,12.65,79.7,18,93,4.99
153,Pokaran,IN,2021-02-07 17:03:01,26.9167,71.9167,61.97,28,0,2.3
154,Nouadhibou,MR,2021-02-07 16:55:12,20.931,-17.0347,77.0,27,0,17.27
155,Ponta Do Sol,PT,2021-02-07 16:53:36,32.6667,-17.1,61.0,69,79,5.01
156,Margate,GB,2021-02-07 17:03:06,51.3813,1.3862,30.99,84,100,8.01
157,Nepomuceno,BR,2021-02-07 17:03:07,-21.2358,-45.2358,74.12,75,97,8.55
158,Nara,JP,2021-02-07 17:01:09,34.6851,135.8049,42.01,72,1,4.94
159,Mezen,RU,2021-02-07 17:03:10,65.8522,44.24,-18.29,88,97,8.05
160,Aguascalientes,MX,2021-02-07 17:03:12,21.8833,-102.3,66.2,18,1,4.61
161,Georgetown,MY,2021-02-07 16:55:17,5.4112,100.3354,82.4,83,20,3.44
162,Pevek,RU,2021-02-07 17:03:16,69.7008,170.3133,-6.72,87,0,1.86
163,Setermoen,NO,2021-02-07 17:03:17,68.861,18.3486,24.8,86,75,5.75
164,Saint-Philippe,RE,2021-02-07 16:54:41,-21.3585,55.7679,80.6,78,20,1.14
165,Geraldton,AU,2021-02-07 16:55:33,-28.7667,114.6,69.8,78,75,10.36
166,Esperance,AU,2021-02-07 16:56:25,-33.8667,121.9,64.4,82,40,16.11
167,Cradock,ZA,2021-02-07 17:03:21,-32.1642,25.6192,70.0,67,54,17.38
168,Yelandur,IN,2021-02-07 17:03:22,12.0667,77.0333,77.0,33,0,5.75
169,Port Elizabeth,ZA,2021-02-07 16:56:05,-33.918,25.5701,68.0,94,75,8.05
170,Butaritari,KI,2021-02-07 16:58:33,3.0707,172.7902,80.53,81,42,17.45
171,Vaini,TO,2021-02-07 16:53:43,-21.2,-175.2,77.0,94,75,10.36
172,Te Anau,NZ,2021-02-07 16:59:54,-45.4167,167.7167,54.21,81,99,3.13
173,Udachnyy,RU,2021-02-07 17:03:28,66.4167,112.4,-24.79,84,100,7.83
174,Mindelo,CV,2021-02-07 17:03:29,16.8901,-24.9804,71.6,56,75,25.32
175,Half Moon Bay,US,2021-02-07 17:00:14,37.4636,-122.4286,53.01,100,40,3.96
176,Maceio,BR,2021-02-07 17:03:31,-9.6658,-35.7353,87.8,58,40,13.8
177,Praia,CV,2021-02-07 16:59:05,14.9215,-23.5087,73.4,53,75,25.32
178,Pisco,PE,2021-02-07 16:55:34,-13.7,-76.2167,78.01,83,75,5.75
179,Spokane,US,2021-02-07 17:01:09,47.6166,-117.3677,33.8,75,90,6.78
180,Santa Cruz De La Palma,ES,2021-02-07 17:03:36,28.6835,-17.7642,66.2,63,75,8.05
181,Airai,TL,2021-02-07 16:54:31,-8.9266,125.4092,60.93,100,100,2.57
182,Jalu,LY,2021-02-07 17:03:39,29.0331,21.5482,69.8,24,81,10.87
183,East London,ZA,2021-02-07 17:03:42,-33.0153,27.9116,73.4,83,20,6.91
184,Anadyr,RU,2021-02-07 17:03:43,64.75,177.4833,10.4,40,0,6.71
185,Caravelas,BR,2021-02-07 17:00:08,-17.7125,-39.2481,82.51,81,79,8.75
186,Kathu,TH,2021-02-07 17:03:45,7.9178,98.3332,78.8,83,20,3.44
187,Hasaki,JP,2021-02-07 17:02:14,35.7333,140.8333,37.4,70,75,1.14
188,Washougal,US,2021-02-07 17:03:48,45.5826,-122.3534,42.8,81,75,5.75
189,Kavaratti,IN,2021-02-07 17:02:04,10.5669,72.642,81.5,66,0,6.73
190,Severo-Kurilsk,RU,2021-02-07 17:03:50,50.6789,156.125,18.16,88,88,14.79
191,Dawlatabad,AF,2021-02-07 17:03:52,36.4141,64.9053,54.68,49,77,4.0
192,Qingdao,CN,2021-02-07 17:03:53,36.0986,120.3719,32.0,59,0,11.18
193,Juneau,US,2021-02-07 17:01:31,58.3019,-134.4197,10.99,78,20,5.99
194,New Norfolk,AU,2021-02-07 16:55:00,-42.7826,147.0587,55.4,62,90,9.22
195,Tokur,RU,2021-02-07 16:59:03,53.1333,132.9,-21.75,88,43,0.47
196,Jos,NG,2021-02-07 17:03:57,9.9167,8.9,82.26,15,83,5.1
197,Picota,PE,2021-02-07 17:03:58,-6.9197,-76.3304,87.8,66,40,4.61
198,Naze,JP,2021-02-07 16:56:40,28.3667,129.4833,57.83,64,0,8.81
199,San Quintin,MX,2021-02-07 17:04:00,30.4833,-115.95,63.36,55,0,7.9
200,Jieshi,CN,2021-02-07 17:04:02,22.8134,115.8257,63.01,81,0,11.63
201,Fortuna,US,2021-02-07 17:04:04,40.5982,-124.1573,46.0,93,90,3.96
202,Shelburne,CA,2021-02-07 17:04:05,44.0787,-80.2041,18.0,80,80,12.82
203,Alofi,NU,2021-02-07 17:04:06,-19.0595,-169.9187,77.0,94,76,4.61
204,Gat,IL,2021-02-07 17:00:08,31.61,34.7642,62.01,100,0,5.01
205,Abancay,PE,2021-02-07 17:01:16,-13.6339,-72.8814,67.03,55,100,5.41
206,Talnakh,RU,2021-02-07 16:57:01,69.4865,88.3972,-23.26,72,0,3.44
207,Lahan,NP,2021-02-07 17:04:10,26.7296,86.4951,60.15,51,0,3.98
208,Voi,KE,2021-02-07 17:04:11,-3.3945,38.563,81.03,50,90,6.35
209,Susangerd,IR,2021-02-07 17:04:12,31.5608,48.1831,55.4,94,0,2.3
210,Varca,IN,2021-02-07 17:04:14,15.2167,73.9167,80.6,69,0,1.14
211,Beloha,MG,2021-02-07 16:54:23,-25.1667,45.05,77.23,81,23,9.91
212,Souillac,MU,2021-02-07 16:57:33,-20.5167,57.5167,80.6,78,20,10.36
213,Abatskoye,RU,2021-02-07 17:04:18,56.2875,70.4555,3.51,91,100,18.23
214,Carapegua,PY,2021-02-07 17:04:19,-25.8,-57.2333,86.0,42,0,4.61
215,Pasighat,IN,2021-02-07 16:56:52,28.0667,95.3333,60.91,44,5,2.64
216,Altay,CN,2021-02-07 17:04:22,47.8667,88.1167,22.08,84,97,2.55
217,Makakilo City,US,2021-02-07 16:59:27,21.3469,-158.0858,62.6,77,75,4.61
218,Kirksville,US,2021-02-07 17:04:24,40.1948,-92.5833,0.0,71,90,6.91
219,Luderitz,NA,2021-02-07 16:57:03,-26.6481,15.1594,76.23,51,0,31.94
220,Beaverlodge,CA,2021-02-07 17:02:08,55.2166,-119.4361,-47.2,66,1,4.61
221,Banda Aceh,ID,2021-02-07 17:04:27,5.5577,95.3222,78.85,82,19,7.78
222,Sao Joao Da Barra,BR,2021-02-07 17:04:28,-21.6403,-41.0511,73.4,94,90,5.93
223,Ust-Nera,RU,2021-02-07 17:04:29,64.5667,143.2,-12.59,76,96,5.59
224,Deputatskiy,RU,2021-02-07 17:04:30,69.3,139.9,-30.08,86,0,1.57
225,Phagwara,IN,2021-02-07 17:04:31,31.2178,75.7694,53.11,64,0,3.51
226,Ancud,CL,2021-02-07 17:04:33,-41.8697,-73.8203,80.6,36,0,6.91
227,Meadow Lake,US,2021-02-07 17:01:28,34.8014,-106.5436,46.99,17,1,6.42
228,Mazagao,BR,2021-02-07 17:02:03,-0.115,-51.2894,87.8,66,40,9.22
229,Touho,NC,2021-02-07 17:04:36,-20.7833,165.2333,76.77,76,93,3.27
230,Ola,RU,2021-02-07 17:04:37,59.5833,151.2833,13.96,89,100,24.99
231,Kamaishi,JP,2021-02-07 17:04:38,39.2667,141.8833,27.5,87,1,14.7
232,Qandala,SO,2021-02-07 17:04:39,11.472,49.8728,76.32,72,17,3.69
233,Orange Cove,US,2021-02-07 17:04:41,36.6244,-119.3137,51.01,100,1,1.25
234,Boa Vista,BR,2021-02-07 17:04:42,2.8197,-60.6733,87.8,51,75,14.97
235,Rio Grande,BR,2021-02-07 16:55:56,-32.035,-52.0986,80.6,57,40,6.91
236,General Pico,AR,2021-02-07 17:04:45,-35.6566,-63.7568,96.96,12,0,6.55
237,Saint Anthony,US,2021-02-07 17:03:04,45.0205,-93.218,-9.4,59,1,9.22
238,Henties Bay,NA,2021-02-07 17:04:47,-22.116,14.2845,64.99,86,75,3.0
239,Olafsvik,IS,2021-02-07 17:04:48,64.8945,-23.7142,34.0,84,0,14.56
240,Barrhead,GB,2021-02-07 17:04:50,55.7992,-4.3929,34.0,75,90,14.97
241,Koprivnica,HR,2021-02-07 17:04:51,46.1628,16.8275,46.99,82,100,3.0
242,Puerto Penasco,MX,2021-02-07 17:03:57,31.3167,-113.5333,60.01,61,0,7.0
243,Mahebourg,MU,2021-02-07 16:55:52,-20.4081,57.7,80.6,78,20,10.36
244,Pandharpur,IN,2021-02-07 17:04:54,17.6667,75.3333,74.88,27,5,9.19
245,Provost,CA,2021-02-07 17:04:55,52.3501,-110.2683,-27.4,68,10,3.44
246,Quatre Cocos,MU,2021-02-07 17:04:57,-20.2078,57.7625,81.0,78,20,10.36
247,Malinovoye Ozero,RU,2021-02-07 17:04:58,51.6753,79.7825,19.81,93,80,10.18
248,Bhadrak,IN,2021-02-07 17:04:59,21.0633,86.5054,63.14,69,22,2.82
249,Cabo San Lucas,MX,2021-02-07 16:55:03,22.8909,-109.9124,69.01,72,40,3.44
250,Aklavik,CA,2021-02-07 17:05:01,68.2191,-135.0107,-11.2,70,90,13.8
251,Cordoba,AR,2021-02-07 17:02:21,-31.4135,-64.1811,88.0,51,20,13.8
252,Valparaiso,CL,2021-02-07 17:01:51,-33.0393,-71.6273,64.99,72,90,6.91
253,Druzhba,UA,2021-02-07 17:05:04,52.0428,33.9453,1.74,93,26,6.13
254,Roebourne,AU,2021-02-07 17:01:21,-20.7833,117.1333,78.89,68,3,11.43
255,Tartagal,AR,2021-02-07 17:00:42,-22.5164,-63.8013,90.32,31,0,7.02
256,Fonte Boa,BR,2021-02-07 17:05:08,-2.4959,-66.2662,85.1,69,100,1.81
257,Hervey Bay,AU,2021-02-07 17:03:17,-25.2986,152.8535,80.01,84,55,1.01
258,Marsaxlokk,MT,2021-02-07 17:05:10,35.8419,14.5431,64.4,68,0,12.66
259,Shache,CN,2021-02-07 17:00:29,38.4167,77.2406,33.33,76,23,1.83
260,Waitati,NZ,2021-02-07 17:05:12,-45.75,170.5667,57.99,90,55,1.01
261,Meulaboh,ID,2021-02-07 17:00:41,4.1363,96.1285,78.55,82,28,3.91
262,Saint-Georges,GD,2021-02-07 17:01:27,12.0564,-61.7485,84.2,65,20,24.16
263,Port Hardy,CA,2021-02-07 16:56:38,50.6996,-127.4199,39.2,93,75,5.75
264,Varhaug,NO,2021-02-07 17:05:16,58.6147,5.6457,24.8,54,0,8.05
265,Puerto Escondido,MX,2021-02-07 17:01:24,15.85,-97.0667,82.4,78,75,3.44
266,Lebu,CL,2021-02-07 16:55:37,-37.6167,-73.65,64.9,72,58,6.51
267,Salinas,US,2021-02-07 17:04:16,36.6777,-121.6555,48.99,76,1,9.22
268,Provideniya,RU,2021-02-07 17:05:21,64.3833,-173.3,-3.48,77,32,16.15
269,Dhing,IN,2021-02-07 17:05:22,26.4667,92.4667,65.35,46,31,5.23
270,Okhotsk,RU,2021-02-07 17:05:23,59.3833,143.3,13.64,88,100,21.94
271,Palizada,MX,2021-02-07 17:05:24,18.25,-92.0833,78.8,73,40,9.22
272,Ambovombe,MG,2021-02-07 17:05:25,-25.1667,46.0833,77.92,90,22,9.95
273,Mandalgovi,MN,2021-02-07 17:05:26,45.7625,106.2708,12.63,81,0,10.31
274,Falun,SE,2021-02-07 17:01:06,60.6036,15.626,19.4,79,90,9.22
275,Sinnamary,GF,2021-02-07 17:05:28,5.3833,-52.95,78.44,87,80,14.88
276,Tahe,CN,2021-02-07 17:05:29,52.3333,124.7333,-13.61,86,28,3.89
277,Oussouye,SN,2021-02-07 17:05:32,12.485,-16.5469,89.6,32,0,11.5
278,Baykit,RU,2021-02-07 17:05:33,61.67,96.37,25.61,96,100,5.3
279,Biak,ID,2021-02-07 17:05:34,-0.9131,122.8766,77.68,80,100,2.35
280,Ranong,TH,2021-02-07 17:05:35,9.9658,98.6348,74.97,87,7,5.17
281,Mingshui,CN,2021-02-07 17:05:36,36.7167,117.5,39.0,37,89,2.51
282,Sale,MA,2021-02-07 17:01:44,34.0389,-6.8166,60.8,67,40,4.61
283,Totolapan,MX,2021-02-07 17:05:39,18.5167,-96.1833,78.01,78,90,13.8
284,Praia Da Vitoria,PT,2021-02-07 16:57:38,38.7333,-27.0667,62.01,77,75,17.54
285,Wanning,CN,2021-02-07 17:05:41,18.8003,110.3967,69.28,88,29,4.7
286,Tsaratanana,MG,2021-02-07 17:03:27,-16.7833,47.65,74.16,85,100,3.74
287,Penzance,GB,2021-02-07 17:05:44,50.1186,-5.5371,39.2,81,75,14.97
288,Victoria,HK,2021-02-07 17:05:45,22.2855,114.1577,68.0,83,0,10.6
289,Poya,NC,2021-02-07 17:05:46,-21.35,165.15,74.46,80,100,3.04
290,Cristalina,BR,2021-02-07 17:01:07,-16.7686,-47.6136,69.44,96,88,11.1
291,Evensk,RU,2021-02-07 17:05:48,61.95,159.2333,18.75,83,100,35.41
292,Kupang,ID,2021-02-07 17:05:49,-10.1667,123.5833,79.45,82,100,6.4
293,Fort Nelson,CA,2021-02-07 17:05:50,58.8053,-122.7002,-34.6,67,40,4.61
294,Yaguajay,CU,2021-02-07 17:05:51,22.3272,-79.2378,84.42,62,12,6.93
295,Hovd,MN,2021-02-07 17:01:08,48.0056,91.6419,13.8,87,88,0.16
296,Chicama,PE,2021-02-07 17:05:54,-7.8447,-79.1469,73.4,78,0,10.36
297,Cabo Rojo,PR,2021-02-07 17:05:56,18.0866,-67.1457,86.0,64,14,10.0
298,Tarakan,ID,2021-02-07 17:05:57,3.3,117.6333,80.38,81,99,8.99
299,Emirdag,TR,2021-02-07 17:05:58,39.0197,31.15,52.72,44,83,9.57
300,Beringovskiy,RU,2021-02-07 17:05:59,63.05,179.3167,-4.09,89,99,13.8
301,Atasu,KZ,2021-02-07 17:06:00,48.6814,71.6433,19.9,96,100,13.42
302,Saint George,US,2021-02-07 17:06:01,37.1041,-113.5841,39.2,45,1,1.03
303,Santa Lucia,ES,2021-02-07 17:06:03,27.9117,-15.5407,66.2,63,40,18.41
304,Maningrida,AU,2021-02-07 17:06:05,-12.0667,134.2667,77.38,89,100,9.26
305,Irricana,CA,2021-02-07 17:06:06,51.3237,-113.6048,-18.4,76,20,5.75
306,Sintra,PT,2021-02-07 17:04:37,38.801,-9.3783,57.0,88,75,12.66
307,Price,US,2021-02-07 17:06:08,39.5994,-110.8107,39.2,41,1,3.44
308,Camabatela,AO,2021-02-07 17:06:09,-8.1881,15.375,67.48,98,94,3.69
309,Kimparana,ML,2021-02-07 17:06:10,12.8347,-4.9244,96.04,11,67,14.29
310,Narsaq,GL,2021-02-07 17:01:23,60.9167,-46.05,39.2,28,75,43.73
311,Sfantu Gheorghe,RO,2021-02-07 17:06:12,45.8667,25.7833,42.01,79,96,5.99
312,Porteirinha,BR,2021-02-07 17:06:13,-15.7433,-43.0283,72.72,86,100,3.53
313,Bambous Virieux,MU,2021-02-07 17:06:14,-20.3428,57.7575,81.0,78,20,10.36
314,Waddan,LY,2021-02-07 17:06:16,29.1614,16.139,76.03,16,72,10.87
315,Dikson,RU,2021-02-07 17:06:18,73.5069,80.5464,-29.06,86,88,10.94
316,Camopi,GF,2021-02-07 17:06:19,3.1655,-52.3158,74.23,97,100,3.2
317,Necochea,AR,2021-02-07 17:06:20,-38.5473,-58.7368,59.0,94,85,5.99
318,Adrar,MR,2021-02-07 16:57:24,20.5022,-10.0711,71.78,21,0,15.66
319,Portland,US,2021-02-07 17:02:37,45.5234,-122.6762,43.0,81,90,6.44
320,Reshetylivka,UA,2021-02-07 17:06:23,49.565,34.0782,11.1,86,100,6.2
321,Lasa,IT,2021-02-07 17:06:24,46.6166,10.7002,41.0,100,90,5.75
322,Tuktoyaktuk,CA,2021-02-07 17:06:25,69.4541,-133.0374,-22.0,76,90,14.97
323,Acarau,BR,2021-02-07 17:02:35,-2.8856,-40.12,88.72,56,8,16.71
324,Charters Towers,AU,2021-02-07 17:01:31,-20.1,146.2667,77.5,87,100,9.98
325,Bayan,CN,2021-02-07 17:06:29,46.0833,127.4,-15.59,88,0,5.48
326,Xuddur,SO,2021-02-07 17:06:30,4.1213,43.8894,80.37,35,0,9.57
327,Umm Kaddadah,SD,2021-02-07 17:06:31,13.6017,26.6876,70.36,21,16,11.34
328,Yelizovo,RU,2021-02-07 17:06:32,53.1873,158.3805,23.0,93,40,4.47
329,Maldonado,UY,2021-02-07 17:04:26,-34.6667,-54.9167,80.6,54,40,14.97
330,Honiara,SB,2021-02-07 17:06:35,-9.4333,159.95,77.94,81,93,4.59
331,Berlevag,NO,2021-02-07 17:06:36,70.8578,29.0864,23.0,68,75,23.02
332,Papenburg,DE,2021-02-07 17:06:38,53.0667,7.4,23.0,80,100,14.97
333,Maseru,LS,2021-02-07 17:06:39,-29.3167,27.4833,71.55,57,66,1.68
334,Porto Belo,BR,2021-02-07 17:02:03,-27.1578,-48.5531,89.01,57,0,11.5
335,Cidreira,BR,2021-02-07 16:56:48,-30.1811,-50.2056,77.05,64,40,11.81
336,Fare,PF,2021-02-07 17:06:42,-16.7,-151.0167,81.09,74,47,11.86
337,Vao,NC,2021-02-07 17:06:43,-22.6667,167.4833,77.14,86,11,3.69
338,Crisan,RO,2021-02-07 17:06:44,44.9667,29.4667,37.4,93,90,11.5
339,Baherden,TM,2021-02-07 17:06:45,38.4362,57.4316,58.37,57,94,1.07
340,Malakal,SS,2021-02-07 17:06:46,9.5334,31.6605,79.12,16,43,5.53
341,Garmsar,IR,2021-02-07 17:06:47,35.2182,52.3409,54.12,62,100,10.51
342,Mount Isa,AU,2021-02-07 17:06:49,-20.7333,139.5,78.8,94,100,6.91
343,Mangrol,IN,2021-02-07 17:06:50,21.1167,70.1167,70.54,57,0,4.25
344,Laguna,US,2021-02-07 17:06:51,38.421,-121.4238,48.99,100,1,4.52
345,Marsh Harbour,BS,2021-02-07 17:03:50,26.5412,-77.0636,78.12,77,0,20.51
346,Hede,CN,2021-02-07 17:05:09,33.7681,120.2517,38.16,74,100,14.34
347,Marion,US,2021-02-07 17:02:24,39.7684,-86.1555,12.0,52,20,6.91
348,Kanniyakumari,IN,2021-02-07 17:06:56,8.0833,77.5667,79.02,73,0,23.11
349,Tezu,IN,2021-02-07 17:06:57,27.9167,96.1667,61.09,36,0,3.83
350,Singaparna,ID,2021-02-07 17:06:58,-7.3515,108.111,72.54,89,100,4.05
351,Askino,RU,2021-02-07 17:06:59,56.0901,56.5783,-5.69,90,100,14.29
352,Marawi,PH,2021-02-07 17:07:00,7.9986,124.2928,75.0,95,100,1.99
353,San Cristobal,VE,2021-02-07 17:04:43,7.7669,-72.225,86.0,54,20,12.66
354,Lagoa,PT,2021-02-07 17:07:02,39.05,-27.9833,57.99,75,100,20.6
355,Mnogovershinnyy,RU,2021-02-07 17:07:03,53.9353,139.9242,-2.49,93,100,11.12
356,Klaebu,NO,2021-02-07 17:07:05,63.2976,10.4826,17.01,86,75,5.75
357,Carthage,TN,2021-02-07 17:07:06,36.8611,10.3316,57.2,82,40,4.61
358,Dakar,SN,2021-02-07 17:06:46,14.6937,-17.4441,71.6,53,0,19.57
359,Gizel,RU,2021-02-07 17:07:08,43.04,44.5708,28.4,93,90,4.47
360,Mitsamiouli,KM,2021-02-07 17:07:09,-11.3847,43.2844,83.61,73,82,8.3
361,Staryy Nadym,RU,2021-02-07 17:07:10,65.6118,72.6842,-0.74,92,100,21.07
362,Oriximina,BR,2021-02-07 17:07:11,-1.7656,-55.8661,90.19,50,84,2.75
363,Mao,ES,2021-02-07 17:07:14,39.8885,4.2658,50.0,87,75,5.75
364,Lashio,MM,2021-02-07 17:07:15,22.9333,97.75,53.78,97,1,1.95
365,Havre-Saint-Pierre,CA,2021-02-07 17:07:17,50.2334,-63.5986,24.8,68,1,21.85
366,Pandan,PH,2021-02-07 17:07:18,14.0453,124.1694,79.29,83,98,16.24
367,Cherskiy,RU,2021-02-07 17:07:19,68.75,161.3,-4.41,72,49,1.25
368,Ahipara,NZ,2021-02-07 17:07:20,-35.1667,173.1667,59.43,89,65,6.85
369,Nenjiang,CN,2021-02-07 17:07:21,49.1833,125.2167,-13.22,86,0,3.18
370,Copiapo,CL,2021-02-07 17:07:22,-27.3667,-70.3333,71.6,53,0,10.36
371,Shenjiamen,CN,2021-02-07 17:07:23,29.9576,122.298,51.85,73,100,12.66
372,Nanortalik,GL,2021-02-07 17:07:24,60.1432,-45.2371,33.67,84,100,17.9
373,Piacabucu,BR,2021-02-07 17:07:25,-10.4056,-36.4344,85.77,62,86,15.1
374,Puerto Del Rosario,ES,2021-02-07 17:03:07,28.5004,-13.8627,66.2,55,75,13.8
375,Ternate,ID,2021-02-07 17:07:28,0.8,127.4,81.09,79,80,4.32
376,Kahului,US,2021-02-07 17:07:29,20.8947,-156.47,64.0,72,40,4.61
377,Viedma,AR,2021-02-07 17:07:30,-40.8135,-62.9967,66.99,56,52,17.11
378,Alice Springs,AU,2021-02-07 17:03:24,-23.7,133.8833,78.01,35,33,1.14
379,Copperas Cove,US,2021-02-07 17:07:32,31.1241,-97.9031,54.0,62,1,10.36
380,Arak,IR,2021-02-07 17:07:33,34.0917,49.6892,43.14,70,100,4.16
381,Omsukchan,RU,2021-02-07 17:07:34,62.5333,155.8,2.17,86,100,13.4
382,Dongsheng,CN,2021-02-07 17:07:35,39.8161,109.9776,20.52,75,0,1.14
383,Jamame,SO,2021-02-07 17:07:36,0.0722,42.7506,76.69,80,0,13.49
384,Oranjemund,NA,2021-02-07 17:07:38,-28.55,16.4333,66.27,76,7,25.19
385,Pokhara,NP,2021-02-07 17:07:39,28.2333,83.9833,52.65,44,0,3.24
386,Smoky Lake,CA,2021-02-07 17:07:40,54.1169,-112.4686,-31.0,68,0,1.14
387,Ilinskiy,RU,2021-02-07 17:07:41,55.619,38.1182,12.2,79,75,8.95
388,Francisco Sa,BR,2021-02-07 17:07:42,-16.4758,-43.4883,75.2,78,75,8.05
389,Liberal,US,2021-02-07 17:04:58,37.0431,-100.921,21.2,100,90,13.8
390,Batemans Bay,AU,2021-02-07 17:07:45,-35.7167,150.1833,62.01,77,93,3.0
391,Mehriz,IR,2021-02-07 17:07:46,31.5917,54.4318,48.2,81,90,6.91
392,Darhan,MN,2021-02-07 17:04:31,49.4867,105.9228,3.69,88,4,6.13
393,Klaksvik,FO,2021-02-07 17:07:48,62.2266,-6.589,35.6,75,75,13.8
394,Andenes,NO,2021-02-07 17:07:50,69.3143,16.1194,32.0,69,75,24.16
395,San Andres,CO,2021-02-07 17:07:51,12.5847,-81.7006,86.0,62,20,11.5
396,Duobao,CN,2021-02-07 17:07:52,30.67,112.6895,48.0,96,100,9.28
397,Nortelandia,BR,2021-02-07 17:07:53,-14.4547,-56.8028,90.63,40,42,3.71
398,Madison,US,2021-02-07 17:04:22,34.7334,-86.5667,35.6,100,90,8.05
399,Puerto Baquerizo Moreno,EC,2021-02-07 17:07:55,-0.9,-89.6,84.2,79,40,17.27
400,Shirokiy,RU,2021-02-07 17:07:56,49.758,129.523,-17.95,88,0,8.3
401,Am Timan,TD,2021-02-07 17:07:57,11.0297,20.2827,79.66,15,9,4.99
402,Inhambane,MZ,2021-02-07 17:07:58,-23.865,35.3833,84.2,70,20,6.91
403,Sao Mateus,BR,2021-02-07 17:07:59,-18.7161,-39.8589,80.78,77,96,6.26
404,Novospasskoye,RU,2021-02-07 17:08:02,53.1468,47.7514,-3.12,88,98,13.31
405,Suntar,RU,2021-02-07 17:08:03,62.1444,117.6319,0.09,92,100,9.71
406,Pringsewu,ID,2021-02-07 17:08:04,-5.3582,104.9744,73.98,93,100,3.65
407,Tosya,TR,2021-02-07 17:08:05,41.0155,34.0401,49.05,51,99,3.76
408,Konosha,RU,2021-02-07 17:08:06,60.9736,40.257,-15.14,89,90,6.98
409,General Roca,AR,2021-02-07 17:08:07,-39.0333,-67.5833,64.4,59,90,5.75
410,Cockburn Town,TC,2021-02-07 17:05:40,21.4612,-71.1419,77.92,81,3,18.45
411,Anloga,GH,2021-02-07 17:08:09,5.7947,0.8973,89.6,66,20,17.27
412,Pervomayskiy,RU,2021-02-07 17:08:10,53.2485,40.2871,-4.04,91,31,10.11
413,Trairi,BR,2021-02-07 17:08:12,-3.2778,-39.2689,89.02,54,32,13.71
414,Itaituba,BR,2021-02-07 17:06:19,-4.2761,-55.9836,91.4,58,40,4.61
415,Pochutla,MX,2021-02-07 17:08:15,15.7432,-96.4661,81.0,78,90,9.22
416,Butte,US,2021-02-07 17:08:16,39.6499,-121.5677,53.01,71,1,2.51
417,Novyy Urengoy,RU,2021-02-07 17:08:17,66.0833,76.6333,-3.15,92,100,19.26
418,Vanimo,PG,2021-02-07 17:08:18,-2.6741,141.3028,77.49,86,100,2.33
419,Nishihara,JP,2021-02-07 17:08:19,26.1842,127.7558,62.6,63,1,3.44
420,Bonthe,SL,2021-02-07 17:08:21,7.5264,-12.505,83.88,70,36,13.44
421,Esna,EG,2021-02-07 17:08:23,25.2934,32.554,75.2,41,0,3.44
422,Puerto Plata,DO,2021-02-07 17:08:24,19.7934,-70.6884,87.8,62,20,11.5
423,Akcaabat,TR,2021-02-07 17:08:25,41.0212,39.5715,51.8,93,75,3.44
424,Bela,IN,2021-02-07 17:08:26,25.9333,81.9833,56.03,49,0,4.61
425,Barcelos,PT,2021-02-07 17:08:27,41.5388,-8.6151,50.0,100,90,18.41
426,Vila Do Maio,CV,2021-02-07 17:08:28,15.1333,-23.2167,71.6,60,75,23.02
427,Iquique,CL,2021-02-07 17:08:29,-20.2208,-70.1431,78.8,47,0,16.11
428,Ryotsu,JP,2021-02-07 17:08:30,38.0833,138.4333,33.87,85,79,17.65
429,Zyryanka,RU,2021-02-07 17:08:33,65.75,150.85,-19.12,84,98,17.65
430,Dwarka,IN,2021-02-07 17:08:34,22.2394,68.9678,69.4,59,0,9.66
431,Yar-Sale,RU,2021-02-07 17:08:35,66.8333,70.8333,-11.52,89,100,24.85
432,Ostersund,SE,2021-02-07 17:08:37,63.1792,14.6357,15.8,92,0,10.36
433,Vestmannaeyjar,IS,2021-02-07 17:08:38,63.4427,-20.2734,35.6,80,40,25.32
434,La Asuncion,VE,2021-02-07 17:08:39,11.0333,-63.8628,79.84,71,48,17.98
435,Atar,MR,2021-02-07 17:08:40,20.5169,-13.0499,75.6,19,0,16.58
436,Urucara,BR,2021-02-07 17:08:41,-2.5364,-57.76,83.57,83,97,4.05
437,Finnsnes,NO,2021-02-07 17:08:42,69.2296,17.9811,24.8,86,75,5.75
438,Kawanoe,JP,2021-02-07 17:08:44,34.0167,133.5667,48.99,76,2,8.52
439,Norman Wells,CA,2021-02-07 17:08:45,65.282,-126.8329,-25.6,75,75,6.91
440,Kutum,SD,2021-02-07 17:08:46,14.2,24.6667,63.81,25,11,10.18
441,Vallenar,CL,2021-02-07 17:05:28,-28.5708,-70.7581,85.66,20,0,9.33
442,Paamiut,GL,2021-02-07 17:08:48,61.994,-49.6678,31.08,85,59,6.87
443,Santa Marta,CO,2021-02-07 17:08:50,11.2408,-74.199,98.01,44,99,15.1
444,Tilichiki,RU,2021-02-07 17:08:52,60.4667,166.1,9.09,96,100,14.76
445,Monkey Bay,MW,2021-02-07 17:08:53,-14.0728,34.9201,81.73,67,77,3.69
446,Ucluelet,CA,2021-02-07 17:08:01,48.9329,-125.5528,30.2,100,20,15.43
447,Butia,BR,2021-02-07 17:08:56,-30.1197,-51.9622,89.38,39,0,0.94
448,Guarapari,BR,2021-02-07 17:08:57,-20.6667,-40.4975,71.6,94,90,5.75
449,Sattahip,TH,2021-02-07 17:08:58,12.6664,100.9007,77.0,94,0,3.44
450,Carauari,BR,2021-02-07 17:05:08,-4.8828,-66.8958,87.48,68,65,3.38
451,Sokone,SN,2021-02-07 17:09:01,13.8833,-16.3667,93.2,22,0,6.91
452,Rocha,UY,2021-02-07 17:09:02,-34.4833,-54.3333,82.71,49,7,4.99
453,Minsk,BY,2021-02-07 17:09:03,53.9,27.5667,0.0,92,0,4.47
454,Inongo,CD,2021-02-07 17:09:04,-1.95,18.2667,80.15,70,99,2.19
455,Great Bend,US,2021-02-07 17:09:05,38.3645,-98.7648,12.2,92,90,10.36
456,Richards Bay,ZA,2021-02-07 17:09:07,-28.783,32.0377,75.92,86,48,2.17
457,Fuchu,JP,2021-02-07 17:08:17,35.6667,139.4833,42.01,65,1,8.05
458,Aitape,PG,2021-02-07 17:09:09,-3.1374,142.3475,77.36,84,99,4.36
459,Sur,OM,2021-02-07 17:09:10,22.5667,59.5289,66.02,72,0,5.19
460,Calamar,CO,2021-02-07 17:09:11,10.2511,-74.9146,87.8,62,20,10.36
461,Havelock,US,2021-02-07 17:09:12,34.8791,-76.9013,45.0,100,90,16.11
462,Kumluca,TR,2021-02-07 17:09:13,36.3703,30.2869,59.5,73,77,1.36
463,Puerto Narino,CO,2021-02-07 17:09:14,-3.7703,-70.3831,89.6,70,40,5.75
464,Lincoln,US,2021-02-07 17:09:15,40.8,-96.667,3.99,72,90,11.5
465,Sakakah,SA,2021-02-07 17:09:07,29.9697,40.2064,60.8,36,0,3.42
466,Rasinari,RO,2021-02-07 17:09:18,45.7,24.0667,55.4,44,0,4.61
467,Muromtsevo,RU,2021-02-07 17:09:19,56.3724,75.2418,7.93,92,100,16.35
468,Nioki,CD,2021-02-07 17:09:20,-2.7167,17.6833,81.45,66,30,4.21
469,Tombouctou,ML,2021-02-07 17:09:21,20.0,-3.0,75.4,18,83,14.23
470,Coquimbo,CL,2021-02-07 17:09:22,-29.9533,-71.3436,68.0,60,20,11.5
471,Nacogdoches,US,2021-02-07 17:09:24,31.6002,-94.6335,51.01,66,20,4.61
472,Terrace Bay,CA,2021-02-07 17:09:25,48.7834,-87.1,-9.4,64,40,3.44
473,Tadine,NC,2021-02-07 17:09:26,-21.55,167.8833,76.24,84,0,4.09
474,Punta Alta,AR,2021-02-07 17:09:27,-38.8759,-62.0736,65.43,68,95,19.98
475,Sao Sebastiao,BR,2021-02-07 17:09:28,-23.76,-45.4097,76.01,70,80,4.7
476,Kodinsk,RU,2021-02-07 17:09:30,58.6881,99.1844,23.74,97,99,5.26
477,Wilmington,US,2021-02-07 17:08:11,34.2257,-77.9447,44.6,87,90,18.41
478,Husavik,IS,2021-02-07 17:09:32,66.0449,-17.3389,33.8,69,75,4.61
479,Poum,NC,2021-02-07 17:09:33,-20.2333,164.0167,79.43,70,96,1.34
480,Kentau,KZ,2021-02-07 17:09:34,43.5206,68.5094,41.77,85,100,3.78
481,Kenai,US,2021-02-07 17:09:37,60.5544,-151.2583,6.8,85,1,4.61
482,Chino Valley,US,2021-02-07 17:09:38,34.7575,-112.4538,51.01,48,1,2.64
483,West Wendover,US,2021-02-07 17:05:49,40.7391,-114.0733,48.2,18,1,13.8
484,Salalah,OM,2021-02-07 17:09:40,17.0151,54.0924,75.2,69,40,2.3
485,Lydenburg,ZA,2021-02-07 17:09:41,-25.0978,30.4597,63.95,87,100,0.58
486,Novobirilyussy,RU,2021-02-07 17:09:42,56.9514,90.6661,29.86,97,95,11.88
487,Krasnoselkup,RU,2021-02-07 17:09:43,65.7,82.4667,6.22,94,100,17.81
488,Gornopravdinsk,RU,2021-02-07 17:09:44,60.05,69.9,0.93,90,100,13.85
489,Chunoyar,RU,2021-02-07 17:09:45,57.4467,97.3217,20.32,95,89,5.08
490,Tierralta,CO,2021-02-07 17:07:17,8.1736,-76.0592,88.16,61,79,5.06
491,Conde,BR,2021-02-07 17:09:48,-7.2597,-34.9075,87.8,62,75,11.5
492,Kirakira,SB,2021-02-07 17:09:49,-10.4544,161.9205,78.89,81,56,7.0
493,Kudahuvadhoo,MV,2021-02-07 17:09:50,2.6708,72.8944,81.84,73,45,15.75
494,Pemangkat,ID,2021-02-07 17:09:51,1.1667,108.9667,75.81,88,100,8.25
495,Marstal,DK,2021-02-07 17:09:52,54.8562,10.5173,30.2,86,90,27.63
496,Nhulunbuy,AU,2021-02-07 17:09:53,-12.2333,136.7667,80.6,83,90,10.36
497,Faya,SA,2021-02-07 17:09:56,18.3851,42.4509,59.0,62,0,2.26
498,Sovetskiy,RU,2021-02-07 17:09:57,61.3614,63.5842,-14.57,89,100,9.73
499,San Rafael Del Sur,NI,2021-02-07 17:09:58,11.8485,-86.4384,87.8,55,20,16.11
500,Leh,IN,2021-02-07 17:09:59,34.1667,77.5833,13.78,57,0,1.21
501,Port Hedland,AU,2021-02-07 17:10:00,-20.3167,118.5667,78.8,73,0,10.36
502,Yumen,CN,2021-02-07 17:10:02,40.2833,97.2,30.07,71,66,6.93
503,Guhagar,IN,2021-02-07 17:10:03,17.4842,73.1929,76.53,39,17,8.59
504,Povorino,RU,2021-02-07 17:10:04,51.1945,42.2457,-2.4,91,40,10.0
505,Zhigansk,RU,2021-02-07 17:10:05,66.7697,123.3711,-29.7,81,91,12.37
506,Avera,US,2021-02-07 17:07:31,33.194,-82.5271,46.0,93,90,5.75
507,Kachiry,KZ,2021-02-07 17:10:07,53.0675,76.1036,13.05,93,57,15.68
508,Diamantino,BR,2021-02-07 17:08:43,-14.4086,-56.4461,87.49,47,40,4.72
509,Glenwood Springs,US,2021-02-07 17:10:09,39.5505,-107.3248,39.0,67,1,19.57
510,Divnomorskoye,RU,2021-02-07 17:10:11,44.5011,38.1353,36.91,81,87,9.95
511,Kieta,PG,2021-02-07 17:10:13,-6.2167,155.6333,79.52,79,99,4.0
512,Imeni Zhelyabova,RU,2021-02-07 17:10:14,58.9544,36.5956,-6.18,89,29,5.86
513,Sabang,ID,2021-02-07 17:10:16,5.8933,95.3214,81.59,80,37,12.93
514,Dingle,PH,2021-02-07 17:10:17,10.9995,122.6711,75.52,91,100,9.01
515,San Jeronimo,PE,2021-02-07 17:10:18,-11.9472,-75.2829,62.67,50,98,1.92
516,Invermere,CA,2021-02-07 17:10:20,50.5167,-116.0354,3.6,83,100,0.04
517,Ribeira Brava,PT,2021-02-07 17:10:22,32.65,-17.0667,61.0,87,77,4.0
518,Carmo Do Rio Verde,BR,2021-02-07 17:10:23,-15.3536,-49.7075,74.43,90,98,10.83
519,Najran,SA,2021-02-07 17:10:24,17.4924,44.1277,69.8,35,25,6.91
520,Kashary,RU,2021-02-07 17:10:25,49.04,41.0056,16.38,75,19,10.38
521,Yagodnoye,RU,2021-02-07 17:10:26,62.55,149.6667,0.19,89,100,8.08
522,Qaqortoq,GL,2021-02-07 17:10:27,60.7167,-46.0333,39.2,28,75,43.73
523,Royal Tunbridge Wells,GB,2021-02-07 17:10:28,51.1325,0.2633,30.99,95,100,7.0
524,Mariental,NA,2021-02-07 17:10:30,-24.6333,17.9667,93.78,10,0,12.66
525,Bria,CF,2021-02-07 17:10:31,6.5423,21.9863,80.87,16,57,2.98
526,Gladstone,AU,2021-02-07 17:10:33,-23.85,151.25,78.8,89,75,6.91
527,Capim Grosso,BR,2021-02-07 17:10:34,-11.3811,-40.0128,98.92,26,71,3.13
528,Balogo,PH,2021-02-07 17:10:35,10.8868,124.7105,78.19,85,100,6.76
529,Saint-Augustin,CA,2021-02-07 17:10:36,51.226,-58.6502,29.71,92,85,23.49
530,Pangkalanbuun,ID,2021-02-07 17:10:37,-2.6833,111.6167,74.8,96,93,2.98
531,Sortavala,RU,2021-02-07 17:10:38,61.7053,30.6918,15.03,96,91,9.98
532,Tual,ID,2021-02-07 17:10:39,-5.6667,132.75,83.7,78,100,18.28
533,Mayumba,GA,2021-02-07 17:10:41,-3.432,10.6554,79.99,85,85,7.9
534,Lazaro Cardenas,MX,2021-02-07 17:10:42,17.9583,-102.2,84.24,50,10,1.39
535,Key Largo,US,2021-02-07 17:10:43,25.0865,-80.4473,84.0,78,0,10.0
536,Manbij,SY,2021-02-07 17:10:44,36.5281,37.9549,51.8,82,0,14.58
537,Sulangan,PH,2021-02-07 17:10:45,11.1373,123.7228,80.6,82,100,16.84
538,Huarmey,PE,2021-02-07 17:10:47,-10.0681,-78.1522,76.71,61,78,9.73
539,Padang,ID,2021-02-07 17:10:48,-0.9492,100.3543,82.4,74,20,4.61
540,Fujin,CN,2021-02-07 17:09:27,47.26,132.0322,-13.58,87,0,10.76
541,Kasempa,ZM,2021-02-07 17:10:50,-13.4584,25.8338,69.19,92,98,2.39
542,Kushmurun,KZ,2021-02-07 17:10:52,52.4503,64.6311,7.9,92,56,14.65
543,Kyaikkami,MM,2021-02-07 17:10:53,16.08,97.5675,78.28,69,0,4.07
544,Ayagoz,KZ,2021-02-07 17:10:54,47.9714,80.4392,28.74,98,99,15.75
545,Los Llanos De Aridane,ES,2021-02-07 17:10:55,28.6585,-17.9182,66.2,63,75,8.05
546,Junagarh,IN,2021-02-07 17:10:56,19.8667,82.9333,62.06,40,0,1.28
547,Bani,DO,2021-02-07 17:10:57,18.2833,-70.3333,86.0,66,40,11.5
548,Jishou,CN,2021-02-07 17:10:58,28.3167,109.7167,49.91,81,100,6.11
549,Grand Haven,US,2021-02-07 17:10:59,43.0631,-86.2284,12.0,61,90,14.97
550,Corinto,GR,2021-02-07 17:11:00,37.9407,22.9573,61.0,59,94,1.99
551,Slave Lake,CA,2021-02-07 17:11:02,55.2834,-114.769,-40.0,67,90,4.61
552,Pangoa,PE,2021-02-07 17:11:03,-12.1167,-73.0,79.14,80,100,1.59
553,Sturgeon Bay,US,2021-02-07 17:11:04,44.8342,-87.377,-2.2,64,1,17.27
554,Kangasala,FI,2021-02-07 17:11:05,61.4638,24.076,23.0,86,75,4.61
555,Serta,PT,2021-02-07 17:11:06,39.8085,-8.0988,54.0,83,99,1.99
556,Nakuru,KE,2021-02-07 17:11:07,-0.2833,36.0667,64.99,71,98,6.58
557,Kasongo-Lunda,CD,2021-02-07 17:11:08,-6.4667,16.8167,79.95,72,51,3.13
558,Nema,RU,2021-02-07 17:11:09,57.5067,50.5011,-10.93,89,100,12.24
559,Axim,GH,2021-02-07 17:11:10,4.8699,-2.2405,82.78,77,100,8.25
560,Itarema,BR,2021-02-07 17:11:12,-2.9248,-39.9167,88.95,56,3,15.03
561,Klyuchi,RU,2021-02-07 17:11:13,52.2667,79.1667,17.92,93,75,13.27
562,Bandiagara,ML,2021-02-07 17:11:14,14.3501,-3.6104,90.37,13,59,15.12
563,North Platte,US,2021-02-07 17:06:49,41.1239,-100.7654,3.2,78,90,18.41
564,Kloulklubed,PW,2021-02-07 17:11:16,7.0419,134.2556,75.2,100,90,6.91
565,Requena,ES,2021-02-07 17:11:17,39.4883,-1.1004,60.01,49,53,20.67
566,Bonavista,CA,2021-02-07 17:11:19,48.6499,-53.1147,33.01,59,66,19.57
